,TRANSACTION STATUS (ABGST),"LBL - 
TRANSACTION STATUS (ABGST)","VIPA 
TRANSACTION STATUS (ABGST)",360 invoice status Proposal from IC,360 invoice status proposal (25.4.),360 invoice status - MVP- Display on External 360,DESCRIPTION - Display on Internal 360 + ABGST Number,Comment for Saad (selection logic),,Inernal remarks (IC internal discussion)
Open,1,,,Received,In progress,In progress,no reference process took place,,,
,2,,,Received,In progress,In progress,GR / returns out sorted to GR clearing,,,
,3,,,Received,In progress,In progress,GR with GRC request,,,
,4,,,Received,In progress,In progress,single GR waits for cancellation by GRC,,,
,5,,,Received,In progress,In progress,GRC cancellation incorrect,,,
,6,,,Received,In progress,In progress,GRC out of claim,,,
,7,,,Received,In progress,In progress,n.a. - CIV without reference,,,
,,,8,Received,In progress,In progress,VIPA invoice without reference,,,
,,,9,Received,In progress,In progress,"VIPA invoice to be confirmed, without reference",,,
,,,30,Received,In progress,In progress,VIPA invoice could not be processed automatically,,,
Referenced                              ,11,,,Posted to FI,In progress,In progress,manual allocated,,,
,12,,,GRC requested,In progress,In progress,allocated GR/invoice with GRC request,,,
,13,,,Posted to FI,In progress,In progress,manual / A cancelled GR is in transaction,,,
,14,,,Posted to FI,In progress,In progress,request for correction sent to supplier,,,
,15,,,Price request raised,In progress,In progress,Price request raised manually,,,
,16,,,Posted to FI,In progress,In progress,GRC and price request raised manually,,,
,17,,,Posted to FI,In progress,In progress,Price request decided,,,
,18,,,Posted to FI,In progress,In progress,GRC and price request confirmed/decided,,,
,43,,,Posted to FI,In progress,In progress,Clarification Request Supplier data,,,
,44,,,Posted to FI,In progress,In progress,Clarification in time ? decided,,,
,45,,,Posted to FI,In progress,In progress,Clarif. Req. autom. returned on time w/o decision,,,
,46,,,Posted to FI,In progress,In progress,Request returned for clarification with IC-Clerk,,,
,51,,,In progress,In progress,In progress,automatically referenced,,,
,52,,,Posted to FI,In progress,In progress,diff. VAT codes or missing appr.footer,,,
,53,,,Posted to FI,In progress,In progress,Outside rec.tol. article coll.no/free goods,,,
,54,,,Posted to FI,In progress,In progress,Automatically outside handling tol. (INBOX determination),,,
,55,,,Posted to FI,In progress,In progress,Automatically outside handling tol. with quantity difference,,,
,56,,,Posted to FI,In progress,In progress,automatically / A cancelled GR is in transaction,,,
,57,,,Posted to FI,In progress,In progress,outside ATTA-tolerance on ap.footer level,,,
,,,58,Posted to FI,In progress,In progress,VIPA referenced transaction,,,
Line by Line (In progress,,1010,,In progress,In progress,In progress,In progressin manual LBL,,, 
,,1011,,In progress,In progress,In progress,manually handled LBL-compliant,,,
,,1012,,GRC requested,In progress,In progress,"prepared GRC by LBL, requested manually (TRX was LBL complia",,,Fragen bei Warenwirtschaft
,,1014,,In progress,In progress,In progress,Request for corrrection of INV for LBL transaction,,,
,,1015,,Price request raised,In progress,In progress,Price request raised manually for LBL transaction,,,Fragen wir bei Einkauf
,,1016,,In progress,In progress,In progress,GRC and price request raised manually for LBL transaction,,,
,,1017,,In progress,In progress,In progress,TRX stopped from final approval run,,,
,,1043,,In progress,In progress,In progress,Clarific. Requ. for tax issues article,,,
,,1044,,In progress,In progress,In progress,Clarification in time ? decided,,,
,,1045,,In progress,In progress,In progress,Clarif. Req. autom. returned on time w/o decision,,,
,,1046,,In progress,In progress,In progress,Request returned for clarification with IC-Clerk,,,
,,1051,,In progress,In progress,In progress,"LBL refer. failed, autom. Appr. LBL; TRX is reactivated",,,
,,1052,,Error in invoice,In progress,In progress,diff. VAT codes or missing appr.footer,,,
,,1054,,Error in invoice,In progress,In progress,Missing appr.footer f. creation of DI/R-GR LBL,,,
,,1055,,In progress,In progress,In progress,LBL transaction with quantity difference and prepared GRC,,,
,,1060,,GRC requested,In progress,In progress,GRC requested automatically by LBL,,,
,,1061,,Price request raised,In progress,In progress,Price request raised automatically by LBL,,,
,,1062,,GRC & Price request raised,In progress,In progress,GRC and Price request raised automatically by LBL,,,
,,1063,,In progress,In progress,In progress,Clarific. Requ. for supplier no. / tax issues automatically,,,
,,1103,,In progress,In progress,In progress,forwarded transaction / Approval proposal to team leader LBL,,,
,,1111,,Rejected,In progress,In progress,team leader rejected proposal of LBL-approval,,,
4EP,101,,,In progress,In progress,In progress,forwarded to team leader from GR/invoice change (dual contr),,,
,102,,,In progress,In progress,In progress,rejected GR/invoice change,,,
,103,,,In progress,In progress,In progress,forwarded transaction / Approval proposal to team leader,,,
,104,,,In progress,In progress,In progress,approval proposal changed with GRC,,,
,105,,,In progress,In progress,In progress,forwarded single object Deletion/Activation/Hide,,,
,106,,,In progress,In progress,In progress,rejection Deletion/Activation/Hide (GR/IV/DR),,,
,107,,,In progress,In progress,In progress,forwarded Deletion/Activation changed by GRC,,,
,108,,,In progress,In progress,In progress,rejected Deletion/Activation changed by GRC,,,
,109,,,In progress,In progress,In progress,forwarded by manual entry,,,
,110,,,In progress,In progress,In progress,rejected manual invoice process,,,
"Manual / automatically
 approved",202,,,Posted to FI,Invoice approval completed,Invoice approval completed,manual approval within handling tolerance,"IF FIDAT is there-> Invoice approval completed
If no FIDAT -> In progress", ,
,203,,,Posted to FI,Invoice approval completed,Invoice approval completed,manual approval to our favor within handling tolerance,"IF FIDAT is there-> Invoice approval completed
If no FIDAT -> In progress",,
,204,,,Posted to FI,Invoice approval completed,Invoice approval completed,manual approval to our disfavor within handling tolerance,"IF FIDAT is there-> Invoice approval completed
If no FIDAT -> In progress",,
,205,,,Posted to FI,Invoice approval completed,Invoice approval completed,manual approval within reconciliation tolerance,"IF FIDAT is there-> Invoice approval completed
If no FIDAT -> In progress",,
,206,,,Posted to FI,Invoice approval completed,Invoice approval completed,Manual approval to our favor within reconciliation tol.,"IF FIDAT is there-> Invoice approval completed
If no FIDAT -> In progress",,
,207,,,Posted to FI,Invoice approval completed,Invoice approval completed,Manual approval to our disfavor within reconciliation tol.,"IF FIDAT is there-> Invoice approval completed
If no FIDAT -> In progress",,
,208,,,Posted to FI,Invoice approval completed,Invoice approval completed,manual approval exactly,"IF FIDAT is there-> Invoice approval completed
If no FIDAT -> In progress",,
,209,,,Posted to FI,Invoice approval completed,Invoice approval completed,manual released,"IF FIDAT is there-> Invoice approval completed
If no FIDAT -> In progress",,
,252,,,Posted to FI,Invoice approval completed,Invoice approval completed,automatic approval within handling tolerance,"IF FIDAT is there-> Invoice approval completed
If no FIDAT -> In progress",,
,253,,,Posted to FI,Invoice approval completed,Invoice approval completed,automatic approval to our favor within handling tolerance,"IF FIDAT is there-> Invoice approval completed
If no FIDAT -> In progress",,
,254,,,Posted to FI,Invoice approval completed,Invoice approval completed,Automatic approval to our disfavor within handling tol.,"IF FIDAT is there-> Invoice approval completed
If no FIDAT -> In progress",,
,255,,,Posted to FI,Invoice approval completed,Invoice approval completed,automatic approval within reconciliation tolerance,"IF FIDAT is there-> Invoice approval completed
If no FIDAT -> In progress",,
,256,,,Posted to FI,Invoice approval completed,Invoice approval completed,Automatic approval to our favor within reconciliation tol.,"IF FIDAT is there-> Invoice approval completed
If no FIDAT -> In progress",,
,257,,,Posted to FI,Invoice approval completed,Invoice approval completed,Automatic approval to our disfavor within recon. tol.,"IF FIDAT is there-> Invoice approval completed
If no FIDAT -> In progress",,
,258,,,Posted to FI,Invoice approval completed,Invoice approval completed,automatic approval exactly,"IF FIDAT is there-> Invoice approval completed
If no FIDAT -> In progress",,
Automatic or Manual Line by Line Approval,,1202,,Posted to FI,Invoice approval completed,Invoice approval completed,"manual LBL approval, disadvantages+advantages, outs.REC-tol","IF FIDAT is there-> Invoice approval completed
If no FIDAT -> In progress",,Not Posted to FI yet! In FI issued are possible.
,,1203,,Posted to FI,Invoice approval completed,Invoice approval completed,manual LBL approval to our advantage,"IF FIDAT is there-> Invoice approval completed
If no FIDAT -> In progress",,
,,1204,,Posted to FI,Invoice approval completed,Invoice approval completed,manual LBL approval with debit note,"IF FIDAT is there-> Invoice approval completed
If no FIDAT -> In progress",,
,,1205,,Posted to FI,Invoice approval completed,Invoice approval completed,manual LBL approval inside REC-tol (t.o.a+t.o.d.),"IF FIDAT is there-> Invoice approval completed
If no FIDAT -> In progress",,
,,1206,,Posted to FI,Invoice approval completed,Invoice approval completed,manual LBL approval inside REC-tol (t.o.a.),"IF FIDAT is there-> Invoice approval completed
If no FIDAT -> In progress",,
,,1207,,Posted to FI,Invoice approval completed,Invoice approval completed,manual LBL approval inside REC-tol (t.o.d.),"IF FIDAT is there-> Invoice approval completed
If no FIDAT -> In progress",,
,,1208,,Posted to FI,Invoice approval completed,Invoice approval completed,"manual LBL approval, exact","IF FIDAT is there-> Invoice approval completed
If no FIDAT -> In progress",,
,,1209,,Posted to FI,Invoice approval completed,Invoice approval completed,"manual LBL approval (overpayment, outside REC-tol)","IF FIDAT is there-> Invoice approval completed
If no FIDAT -> In progress",,
,,1252,,Posted to FI,Invoice approval completed,Invoice approval completed,"automatic LBL approval, disadvantages+advantages","IF FIDAT is there-> Invoice approval completed
If no FIDAT -> In progress",,
,,1253,,Posted to FI,Invoice approval completed,Invoice approval completed,automatic LBL approval to our advantage,"IF FIDAT is there-> Invoice approval completed
If no FIDAT -> In progress",,
,,1254,,Posted to FI,Invoice approval completed,Invoice approval completed,automatic LBL approval with debit note,"IF FIDAT is there-> Invoice approval completed
If no FIDAT -> In progress",,
,,1255,,Posted to FI,Invoice approval completed,Invoice approval completed,automatic LBL approval inside REC-tol (t.o.a+t.o.d.),"IF FIDAT is there-> Invoice approval completed
If no FIDAT -> In progress",,
,,1256,,Posted to FI,Invoice approval completed,Invoice approval completed,automatic LBL approval inside REC-tol (t.o.a.),"IF FIDAT is there-> Invoice approval completed
If no FIDAT -> In progress",,
,,1257,,Posted to FI,Invoice approval completed,Invoice approval completed,automatic LBL approval inside REC-tol (t.o.d.),"IF FIDAT is there-> Invoice approval completed
If no FIDAT -> In progress",,
,,1258,,Posted to FI,Invoice approval completed,Invoice approval completed,"automatic LBL approval, exact","IF FIDAT is there-> Invoice approval completed
If no FIDAT -> In progress",,
Manual Invoice Processing,301,,,Posted to FI,Invoice approval completed,Invoice approval completed,manual entry to invoice without transaction ref. (debit),"IF FIDAT is there-> Invoice approval completed
If no FIDAT -> In progress",,when status 301 + FI data then Posted to FI
,302,,,Posted to FI,Invoice approval completed,Invoice approval completed,manual entry to invoice without transaction ref. (refunding),"IF FIDAT is there-> Invoice approval completed
If no FIDAT -> In progress",,
,303,,,Posted to FI,Invoice approval completed,Invoice approval completed,manual entry to invoice with transaction reference (debit),"IF FIDAT is there-> Invoice approval completed
If no FIDAT -> In progress",,
,304,,,Posted to FI,Invoice approval completed,Invoice approval completed,manual entry to invoice with transaction ref. (refunding),"IF FIDAT is there-> Invoice approval completed
If no FIDAT -> In progress",,
,305,,,Posted to FI,Invoice approval completed,Invoice approval completed,manual entry to return without transaction reference (debit),"IF FIDAT is there-> Invoice approval completed
If no FIDAT -> In progress",,
,306,,,Posted to FI,Invoice approval completed,Invoice approval completed,manual entry to return without transaction ref. (refunding),"IF FIDAT is there-> Invoice approval completed
If no FIDAT -> In progress",,
,307,,,Posted to FI,Invoice approval completed,Invoice approval completed,manual entry to return with transaction reference (debit),"IF FIDAT is there-> Invoice approval completed
If no FIDAT -> In progress",,
,308,,,Posted to FI,Invoice approval completed,Invoice approval completed,manual entry to return with transaction ref. (refunding),"IF FIDAT is there-> Invoice approval completed
If no FIDAT -> In progress",,
,309,,,Posted to FI,Invoice approval completed,Invoice approval completed,manual entry with open invoice,"IF FIDAT is there-> Invoice approval completed
If no FIDAT -> In progress",,
Retoure,401,,,Return,Goods Return approval completed,In progress,"manual debit return accounting code 0,3,4",,,"status - return    status+ FI datum= return, Posted to FI?????"
,402,,,Return,Goods Return approval completed,In progress,manual debit return with accounting code 2,,,! Leave only return by now!!!
,403,,,Return,Goods Return approval completed,In progress,manual debit of a GRC to approved transaction,,,nur debitierte Retouren!!
,404,,,Return,Goods Return approval completed,In progress,manual debit of a GRC to approved return,,,BU+DI. No inv. 
,405,,,Return,Goods Return approval completed,In progress,automatic return approval,,,YRBPF!!!
,406,,,Return,Goods Return approval completed,In progress,automatic invoice release without GR,,,
,,1401,,Return,Goods Return approval completed,In progress,"manual LBL-Debiting Ret.charge code 0,3,4",,,
,,1402,,Return,Goods Return approval completed,In progress,manual LBL-debiting of return with return charge code 2,,,
,,1403,,Return,Goods Return approval completed,In progress,manual LBL-debiting of GRC for approved transaction,,,
,,1404,,Return,Goods Return approval completed,In progress,manual LBL-debiting of FRC for approved return,,,
,,1405,,Return,Goods Return approval completed,In progress,automatical approval of LBL-returns,,,
,,1406,,Return,Goods Return approval completed,In progress,automatic invoice release LBL without GR,,,
Claims (In progress,501,,,Claim received,Claim received,Claim received,claimed difference record (only with object DR),,,
,502,,,Claim received,Claim received,Claim received,forwarded repayment proposal out of DR,,,
,503,,,Claim received,Claim received,Claim received,team leader rejected repayment,,,
,504,,,Claim received,Claim received,Claim received,n.a. - forwarded blanket repayment proposal,,,
,505,,,Claim received,Claim received,Claim received,n.a. - dependent DI record to forwarded blanket repayment,,,
,506,,,Claim received,Claim received,Claim received,n.a. - rejected blanket repayment,,,
,507,,,Claim received,Claim received,Claim received,repayment reference GR to DR,,,
,508,,,Claim received,Claim received,Claim received,GRC requested by claim,,,
,509,,,Claim received,Claim received,Claim received,GRC processed by claim,,,
,510,,,Claim rejected,Claim rejected,Claim rejected,claims rejected,,,
,511,,,Claim received,Claim received,Claim received,n.a. - repayment reference CIV to DI,,,
,512,,,Claim received,Claim received,Claim received,n.a. - repayment reference CIV and GR to DI,,,
,513,,,Claim received,Claim received,Claim received,n.a. - Forwarded to teamleader (Multiple Approval),,,
,514,,,Claim received,Claim received,Claim received,Price request raised,,,
,515,,,Claim received,Claim received,Claim received,Price request and GRC raised,,,
,516,,,Claim received,Claim received,Claim received,Price request decided,,,
,517,,,Claim received,Claim received,Claim received,Price request and GRC confirmed/decided,,,
,518,,,Claim received,Claim received,Claim received,n.a. - team leader rejected repayment of CIV,,,
,521,,,Claim received,Claim received,Claim received,n.a.- automatical approval of CIV not possible,,,
Claims (In progress,,1502,,Claim received,Claim received,Claim received,forwarded repayment proposal out of Tolerance LBL,,,
,,1503,,Claim received,Claim received,Claim received,team leader rejected LBL-repayment,,,
,,1507,,Claim received,Claim received,Claim received,LBL-repayment reference GR to DR,,,
,,1508,,Claim received,Claim received,Claim received,GRC from LBL Repayment-screen requested,,,
,,1509,,Claim received,Claim received,Claim received,GRC from C&R LBL confirmed,,,
,,1510,,Claim rejected,Claim rejected,Claim rejected,Claim (LBL) rejected,,,
,,1514,,Claim received,Claim received,Claim received,Price request from C&R LBL requested,,,
,,1515,,Claim received,Claim received,Claim received,Price request and GRC raised from C&R LBL,,,
,,1516,,Claim received,Claim received,Claim received,Price request LBL decided,,,
,,1517,,Claim received,Claim received,Claim received,Price request and GRC LBL confirmed/decided,,,
Claims (Resolved),600,,,Claim accepted- forwarded to payment,Claim accepted- forwarded to payment,Claim approved,Fast repayment (DI-records with price differences),,,wie bei abgeglichenen RE.
,601,,,Claim accepted- forwarded to payment,Claim accepted- forwarded to payment,Claim approved,repayment DR without further objects,,,Status+FI date!
,602,,,Claim accepted- forwarded to payment,Claim accepted- forwarded to payment,Claim approved,repayment DR with new GR/GRC,,,"Buchungsnachzahlung (bucht DI mit diesen 600, 1600 status)"
,603,,,Claim accepted- forwarded to payment,Claim accepted- forwarded to payment,Claim approved,repayment based on returns,,,
,604,,,Claim accepted- forwarded to payment,Claim accepted- forwarded to payment,Claim approved,repayment based on returns with GR/GRC,,,
,605,,,Claim accepted- forwarded to payment,Claim accepted- forwarded to payment,Claim approved,n.a. - Blanket repayments,,,Posted to FI better!!!!!!
,606,,,Claim accepted- forwarded to payment,Claim accepted- forwarded to payment,Claim approved,Repayment DR by manual entry without further objects,,,
,607,,,Claim accepted- forwarded to payment,Claim accepted- forwarded to payment,Claim approved,Repayment DR by manual entry with further objects,,,
,612,,,Claim accepted- forwarded to payment,Claim accepted- forwarded to payment,Claim approved,n.a. - manual approval of CIV within handling tolerance,,,
,613,,,Claim accepted- forwarded to payment,Claim accepted- forwarded to payment,Claim approved,n.a. - man. App. of CIV to our favor within handl. tol.,,,
,614,,,Claim accepted- forwarded to payment,Claim accepted- forwarded to payment,Claim approved,n.a. - man. App. of CIV to our disfavor within handl. tol.,,,
,615,,,Claim accepted- forwarded to payment,Claim accepted- forwarded to payment,Claim approved,n.a. - man. approval of CIV within reconciliation tolerance,,,
,616,,,Claim accepted- forwarded to payment,Claim accepted- forwarded to payment,Claim approved,n.a. - man. approval of CIV to our favor within recon. tol.,,,
,617,,,Claim accepted- forwarded to payment,Claim accepted- forwarded to payment,Claim approved,n.a. - man. App. of CIV to our disfavor within recon. tol.,,,
,618,,,Claim accepted- forwarded to payment,Claim accepted- forwarded to payment,Claim approved,n.a. - manual approval of CIV exactly,,,
,619,,,Claim accepted- forwarded to payment,Claim accepted- forwarded to payment,Claim approved,n.a. - repayment DI with CIV,,,
,620,,,Claim accepted- forwarded to payment,Claim accepted- forwarded to payment,Claim approved,n.a. - repayment DI with new GR/GRC and CIV,,,
,621,,,Claim accepted- forwarded to payment,Claim accepted- forwarded to payment,Claim approved,n.a. - repayment by GA with CIV,,,
,622,,,Claim accepted- forwarded to payment,Claim accepted- forwarded to payment,Claim approved,n.a. - repayment by GA with GR/GRC and CIV,,,
,662,,,Claim accepted- forwarded to payment,Claim accepted- forwarded to payment,Claim approved,n.a. - autom. App. of CIV within handling tolerance,,,
,663,,,Claim accepted- forwarded to payment,Claim accepted- forwarded to payment,Claim approved,n.a. - autom. App. of CIV to our favor within handl. tol.,,,
,664,,,Claim accepted- forwarded to payment,Claim accepted- forwarded to payment,Claim approved,n.a. - autom. App. of CIV to our disfavor within handl.tol.,,,
,665,,,Claim accepted- forwarded to payment,Claim accepted- forwarded to payment,Claim approved,n.a. - autom. App. of CIV within reconciliation tolerance,,,
,666,,,Claim accepted- forwarded to payment,Claim accepted- forwarded to payment,Claim approved,n.a. - autom. App. of CIV to our favor within recon. tol.,,,
,667,,,Claim accepted- forwarded to payment,Claim accepted- forwarded to payment,Claim approved,n.a. - autom. App. of CIV to our disfavor within recon.tol.,,,
,668,,,Claim accepted- forwarded to payment,Claim accepted- forwarded to payment,Claim approved,automatic approval exactly,,,
,,1600,,Claim accepted- forwarded to payment,Claim accepted- forwarded to payment,Claim approved,Fast repayment of DI record with price differences from LBL,,,
,,1601,,Claim accepted- forwarded to payment,Claim accepted- forwarded to payment,Claim approved,Repayment of LBL-DI-record without GR/GRC,,,
,,1602,,Claim accepted- forwarded to payment,Claim accepted- forwarded to payment,Claim approved,Repayment of LBL-DI-record with GR/GRC,,,
,,1603,,Claim accepted- forwarded to payment,Claim accepted- forwarded to payment,Claim approved,Repaym. of LBL-DI with origin '2' or '3' without GR/GRC,,,
,,1604,,Claim accepted- forwarded to payment,Claim accepted- forwarded to payment,Claim approved,Repaym. of LBL-DI with origin '2' or '3' with GR/GRC,,,
Deleted/Hidden Objects,701,,,"GR, but no Inv - NOT SHOW","GR, but no Inv - NOT SHOW",Invoice not received,manual hidden,,,"haben Ware, aber keine Rechnung"
,702,,,"GR, but no Inv - NOT SHOW","GR, but no Inv - NOT SHOW",Invoice not received,manual deleted with value adjustment without accrual,,,Es gibt Verj�hrungsfrist. 
,703,,,"GR, but no Inv - NOT SHOW","GR, but no Inv - NOT SHOW",Invoice not received,manual deleted with value adjustment with accrual,,,"Wenn ja, dann 701."
,704,,,"GR, but no Inv - NOT SHOW","GR, but no Inv - NOT SHOW",Invoice not received,manual deleted without value adjustment without accrual,,,!!! NOT SHOW TO SUPPL!!!   701-708
,705,,,"GR, but no Inv - NOT SHOW","GR, but no Inv - NOT SHOW",Invoice not received,manual deleted with value adjustment with accrual,,,
,707,,,"GR, but no Inv - NOT SHOW","GR, but no Inv - NOT SHOW",Invoice not received,cancelled by GRC / deleted without accrual,,,
,708,,,"GR, but no Inv - NOT SHOW","GR, but no Inv - NOT SHOW",Invoice not received,cancelled by GRC / deleted with accrual,,,
,751,,,Rejected,In progress,In progress,manual deleted - no automatic debit no booking,,,
,752,,,Rejected,In progress,In progress,manual deleted - automatic debit no booking,,,
,753,,,Rejected,In progress,In progress,manual cancelled - automatic debit with booking,,,
,754,,,Rejected,In progress,In progress,manual cancelled - no automatic debit with booking,,,
,755,,,Rejected,In progress,In progress,manual cancelled because of refusal of acceptance,,,
,756,,,Rejected,In progress,In progress,erroneous activated,,,
,,,757,Rejected,In progress,In progress,VIPA invoice rejected manually,,,
,,,758,Rejected,In progress,In progress,Reversal INV and origin INV match exactly,,,
,761,,,Rejected,In progress,In progress,automatically deleted (MGP indicator zero document),,,
,762,,,Rejected,In progress,In progress,automatically cancelled because of refusal of acceptance,,,
,770,,,Rejected,In progress,In progress,automatically deleted (MGP ind. zero document)/no MGP mess.,,,
,771,,,Rejected,In progress,In progress,manual deleted - no automatic debit no booking/no MGP mess.,,,
,772,,,Rejected,In progress,In progress,manual deleted - automatic debit no booking/no MGP message,,,
,773,,,Rejected,In progress,In progress,deleted (no MGP mess.) with GR greater than zero,,,
,781,,,NOT SHOW,NOT SHOW,Invoice not received,n.a. - deleted difference records out of blanket repayments,,,beziehen sich auf DI
,782,,,NOT SHOW,NOT SHOW,Invoice not received,manual deleted difference records,,,beziehen sich auf DI
"No Referen-
cing",999,,,In progress,In progress,In progress,no reference process took place,,,"Wareneingang erfasst, aber noch nicht referenziert"
,,,,,,,,,,nicht referenziert weil der Nachtlauf noch nicht war
